"name","longitude","latitude"
"Marmosa lepida","-77.483","-1.733"
"Marmosa lepida","-73.9","-10.667"
"Marmosa lepida","-63.667","-17.45"
"Marmosa lepida","-78.55","-3.4"
"Marmosa lepida","-75.8","-5.55"
"Marmosa lepida","-74.933","-9.533"
"Marmosa lepida","-72.867","3.133"
"Marmosa lepida","-70.25","3.5"
"Marmosa lepida","-54.6","4.8"
"Marmosa lepida","-55.067","4.817"
"Marmosa lepida","-55.167","5.833"
"Marmosa lepida","-54.364","5.898"
"Marmosa lepida","-59.02","4.75"
"Marmosa lepida","-76.437","-0.257"
"Marmosa lepida","-78.161","-4.456"
"Marmosa lepida","-76.869","0.089"
"Marmosa lepida","-76.989","0.084"
"Marmosa lepida","-73.989","3.346"
"Marmosa lepida","-69.833","-6.583"
"Marmosa lepida","-54.716","-2.436"
"Marmosa lepida","-54.7","-2.433"
