name,longitude,latitude
Marmosa alstoni,-83.183,10.017
Marmosa alstoni,-84.067,10.033
Marmosa alstoni,-83.517,10.1
Marmosa alstoni,-85.267,10.433
Marmosa alstoni,-84.083,10.467
Marmosa alstoni,-75.783,5.783
Marmosa alstoni,-82.783,9.6
Marmosa alstoni,-83.983,9.717
Marmosa alstoni,-83.917,9.867
Marmosa alstoni,-83.983,9.9
Marmosa alstoni,-84,9.9
Marmosa alstoni,-84.133,9.917
Marmosa alstoni,-84.317,9.917
Marmosa alstoni,-84.083,9.933
Marmosa alstoni,-84.183,9.933
Marmosa alstoni,-84.815,10.31
Marmosa alstoni,-84.7,10.3
Marmosa alstoni,-84.196,9.946
Marmosa alstoni,-83.933,9.851
Marmosa alstoni,-75.78333333,5.783333333
Marmosa alstoni,-75.63333333,4.516666667
Marmosa alstoni,-76.81666667,2.416666667
Marmosa alstoni,-76.66666667,3.95
