name,longitude,latitude
Marmosa regina,-64.2,-16.583
Marmosa regina,-67.767,-16.35
Marmosa regina,-67.833,-16.333
Marmosa regina,-67.6,-15.767
Marmosa regina,-67.667,-15.7
Marmosa regina,-67.867,-15.467
Marmosa regina,-68.3,-15.467
Marmosa regina,-68.167,-15.25
Marmosa regina,-68.45,-14.767
Marmosa regina,-68.15,-13.75
Marmosa regina,-70.717,-13.4
Marmosa regina,-70.717,-13.4
Marmosa regina,-69.6,-13.367
Marmosa regina,-71.983,-13.317
Marmosa regina,-70.633,-13.267
Marmosa regina,-71.492,-13.024
Marmosa regina,-71.25,-12.933
Marmosa regina,-71.167,-12.933
Marmosa regina,-67.283,-12.833
Marmosa regina,-68.817,-12.8
Marmosa regina,-71.217,-12.783
Marmosa regina,-71.217,-12.783
Marmosa regina,-71.385,-12.772
Marmosa regina,-69.054,-12.6
Marmosa regina,-70.917,-12.217
Marmosa regina,-71.133,-12.2
Marmosa regina,-71.317,-11.85
Marmosa regina,-71.283,-11.833
Marmosa regina,-75.467,-11.2
Marmosa regina,-74.3,-11.15
Marmosa regina,-75.533,-10.067
Marmosa regina,-75.867,-9.5
Marmosa regina,-75.933,-9.5
Marmosa regina,-75.917,-9.483
Marmosa regina,-75.967,-9.45
Marmosa regina,-72.783,-8.667
Marmosa regina,-74.317,-8.6
Marmosa regina,-74.317,-8.567
Marmosa regina,-72.817,-8.367
Marmosa regina,-74.6,-8.3
Marmosa regina,-74.717,-8.25
Marmosa regina,-74.75,-7.833
Marmosa regina,-74.833,-7.75
Marmosa regina,-75.008,-7.346
Marmosa regina,-75.017,-7.333
Marmosa regina,-76.733,-7.25
Marmosa regina,-70.75,-6.833
Marmosa regina,-70.733,-6.8
Marmosa regina,-70.85,-6.75
Marmosa regina,-75.1,-6.733
Marmosa regina,-68.933,-6.583
Marmosa regina,-68.917,-6.533
Marmosa regina,-77.4,-6.517
Marmosa regina,-68.767,-6.467
Marmosa regina,-76.976,-6.075
Marmosa regina,-76.967,-6.05
Marmosa regina,-76.083,-5.9
Marmosa regina,-76.083,-5.9
Marmosa regina,-77.25,-5.867
Marmosa regina,-76.033,-5.8
Marmosa regina,-73.959,-4.672
Marmosa regina,-78.167,-4.467
