species,longitude,latitude
Marmosa rubra,-78.167,-4.467
Marmosa rubra,-78.161,-4.456
Marmosa rubra,-78.157,-4.458
Marmosa rubra,-78.128,-4.313
Marmosa rubra,-77.95,-1.083
Marmosa rubra,-77.95,-1.533
Marmosa rubra,-77.45,-2.117
Marmosa rubra,-77.333,-0.433
Marmosa rubra,-77.317,-0.5
Marmosa rubra,-76.967,-2.067
Marmosa rubra,-75.333,0.467
Marmosa rubra,-74.083,-2.367
Marmosa rubra,-71.283,-11.833
Marmosa rubra,-71.25,-12.833
Marmosa rubra,-71.25,-12.683
Marmosa rubra,-71.25,-12.833
