name,longitude,latitude
Marmosa demerarae,-65.967,-0.75
Marmosa demerarae,-66,-0.767
Marmosa demerarae,-49.5,-1
Marmosa demerarae,-60.067,-1.2
Marmosa demerarae,-48.483,-1.45
Marmosa demerarae,-61.383,-1.783
Marmosa demerarae,-61.483,-1.95
Marmosa demerarae,-73.433,-11.767
Marmosa demerarae,-71.317,-11.85
Marmosa demerarae,-47.767,-12.55
Marmosa demerarae,-51.767,-12.85
Marmosa demerarae,-69.683,-13.033
Marmosa demerarae,-68.15,-13.75
Marmosa demerarae,-39.1,-14.717
Marmosa demerarae,-39.033,-14.817
Marmosa demerarae,-39.317,-14.95
Marmosa demerarae,-60.567,-15.583
Marmosa demerarae,-62.117,-2.083
Marmosa demerarae,-49.5,-2.25
Marmosa demerarae,-64,-2.5
Marmosa demerarae,-56.733,-2.6
Marmosa demerarae,-56.817,-2.75
Marmosa demerarae,-60.017,-3.133
Marmosa demerarae,-52.2,-3.2
Marmosa demerarae,-67.817,-3.233
Marmosa demerarae,-66.233,-3.283
Marmosa demerarae,-66,-3.317
Marmosa demerarae,-66.017,-3.317
Marmosa demerarae,-61.367,-3.433
Marmosa demerarae,-56.283,-4.417
Marmosa demerarae,-62.133,-4.45
Marmosa demerarae,-65.267,-4.85
Marmosa demerarae,-68.767,-6.467
Marmosa demerarae,-68.917,-6.533
Marmosa demerarae,-68.9,-6.583
Marmosa demerarae,-70.85,-6.75
Marmosa demerarae,-70.75,-6.833
Marmosa demerarae,-51.183,-7.717
Marmosa demerarae,-35.9,-8.05
Marmosa demerarae,-72.817,-8.367
Marmosa demerarae,-72.783,-8.667
Marmosa demerarae,-70.967,-9.967
Marmosa demerarae,-66.233,0.867
Marmosa demerarae,-49.917,1.25
Marmosa demerarae,-67.033,1.733
Marmosa demerarae,-66.5,10.083
Marmosa demerarae,-67.6,10.25
Marmosa demerarae,-67.683,10.35
Marmosa demerarae,-66.75,10.367
Marmosa demerarae,-68.017,10.433
Marmosa demerarae,-66.867,10.45
Marmosa demerarae,-66.633,10.5
Marmosa demerarae,-68.375,10.55
Marmosa demerarae,-60.75,2.25
Marmosa demerarae,-66.45,2.483
Marmosa demerarae,-67.3,2.567
Marmosa demerarae,-66.317,2.617
Marmosa demerarae,-65.233,2.8
Marmosa demerarae,-59.517,2.833
Marmosa demerarae,-65.533,3.167
Marmosa demerarae,-65.55,3.167
Marmosa demerarae,-65.667,3.417
Marmosa demerarae,-65.683,3.617
Marmosa demerarae,-65.842,3.667
Marmosa demerarae,-59.1,3.917
Marmosa demerarae,-59.5,4.083
Marmosa demerarae,-73.617,4.15
Marmosa demerarae,-59.083,4.167
Marmosa demerarae,-74.55,4.4
Marmosa demerarae,-56.2,4.717
Marmosa demerarae,-67.417,4.75
Marmosa demerarae,-59,5
Marmosa demerarae,-60.733,5.1
Marmosa demerarae,-60.733,5.2
Marmosa demerarae,-73.2,5.2
Marmosa demerarae,-66.05,5.317
Marmosa demerarae,-52.9,5.383
Marmosa demerarae,-59.133,5.383
Marmosa demerarae,-55.183,5.583
Marmosa demerarae,-67.607,5.633
Marmosa demerarae,-54.017,5.717
Marmosa demerarae,-56.3,5.883
Marmosa demerarae,-62.533,5.917
Marmosa demerarae,-61.45,5.933
Marmosa demerarae,-61.4,6.067
Marmosa demerarae,-58.683,6.383
Marmosa demerarae,-58.617,6.4
Marmosa demerarae,-58.65,6.4
Marmosa demerarae,-58.267,6.5
Marmosa demerarae,-63.483,6.817
Marmosa demerarae,-63,7.3
Marmosa demerarae,-65.8,7.458
Marmosa demerarae,-65.167,7.617
Marmosa demerarae,-66.167,7.617
Marmosa demerarae,-62.833,7.65
Marmosa demerarae,-71.65,8.417
Marmosa demerarae,-71.367,8.5
Marmosa demerarae,-71.35,8.533
Marmosa demerarae,-71.133,8.6
Marmosa demerarae,-70.617,9.05
Marmosa demerarae,-69.667,9.7
Marmosa demerarae,-63.183,9.75
Marmosa demerarae,-54.46,2.213
Marmosa demerarae,-58.85,4.733
Marmosa demerarae,-58.717,4.633
Marmosa demerarae,-69.683,-13.503
Marmosa demerarae,-67.517,-15.733
Marmosa demerarae,-58.793,2.833
Marmosa demerarae,-58.75,3.3
Marmosa demerarae,-59.533,5.067
Marmosa demerarae,-59.483,2.933
Marmosa demerarae,-55.2,5.617
Marmosa demerarae,-55.45,3.35
Marmosa demerarae,-70.717,-13.4
Marmosa demerarae,-39,-15.833
Marmosa demerarae,-39,-14.833
Marmosa demerarae,-58.95,6.467
Marmosa demerarae,-62.083,-3.833
Marmosa demerarae,-45.533,-11.033
Marmosa demerarae,-57.917,5.567
Marmosa demerarae,-66.617,6.292
Marmosa demerarae,-71.367,-11.9
Marmosa demerarae,-60,-2.5
Marmosa demerarae,-41.462,-13.26
