name,longitude,latitude
Marmosa robinsoni,-75.183,3.333
Marmosa robinsoni,-75.167,3.333
Marmosa robinsoni,-73.765,3.989
Marmosa robinsoni,-73.727,4.014
Marmosa robinsoni,-74.789,4.285
Marmosa robinsoni,-74.704,4.288
Marmosa robinsoni,-74.367,4.35
Marmosa robinsoni,-74.5,4.533
Marmosa robinsoni,-74.083,4.6
Marmosa robinsoni,-74.812,4.848
Marmosa robinsoni,-74.167,5.367
Marmosa robinsoni,-66.25,6.133
Marmosa robinsoni,-67.789,6.279
Marmosa robinsoni,-69.117,7.017
Marmosa robinsoni,-69.75,7.117
Marmosa robinsoni,-69.083,7.183
Marmosa robinsoni,-80.614,7.236
Marmosa robinsoni,-80.245,7.672
Marmosa robinsoni,-68.983,7.817
Marmosa robinsoni,-80.275,7.844
Marmosa robinsoni,-72.517,7.85
Marmosa robinsoni,-72.517,7.9
Marmosa robinsoni,-64.045,7.929
Marmosa robinsoni,-70.05,8
Marmosa robinsoni,-72.5,8.017
Marmosa robinsoni,-63.55,8.133
Marmosa robinsoni,-67.6,8.267
Marmosa robinsoni,-78.918,8.367
Marmosa robinsoni,-78.933,8.383
Marmosa robinsoni,-67.433,8.436
Marmosa robinsoni,-70.35,8.467
Marmosa robinsoni,-63.85,8.483
Marmosa robinsoni,-71.367,8.5
Marmosa robinsoni,-67.583,8.517
Marmosa robinsoni,-67.433,8.526
Marmosa robinsoni,-68.7,8.55
Marmosa robinsoni,-67.583,8.567
Marmosa robinsoni,-67.593,8.578
Marmosa robinsoni,-64.217,8.6
Marmosa robinsoni,-71.133,8.6
Marmosa robinsoni,-71.7,8.617
Marmosa robinsoni,-80.592,8.664
Marmosa robinsoni,-62.617,8.667
Marmosa robinsoni,-70.417,8.667
Marmosa robinsoni,-71.45,8.717
Marmosa robinsoni,-82.433,8.783
Marmosa robinsoni,-70.5,8.83
Marmosa robinsoni,-62.7,8.833
Marmosa robinsoni,-70.517,8.833
Marmosa robinsoni,-67.433,8.843
Marmosa robinsoni,-82.746,8.858
Marmosa robinsoni,-67.38,8.87
Marmosa robinsoni,-68.067,8.883
Marmosa robinsoni,-67.417,8.933
Marmosa robinsoni,-79.583,8.95
Marmosa robinsoni,-80,8.95
Marmosa robinsoni,-79.567,8.95
Marmosa robinsoni,-79.639,8.95
Marmosa robinsoni,-79.62,8.95
Marmosa robinsoni,-67.467,8.967
Marmosa robinsoni,-71.616,9.034
Marmosa robinsoni,-67.833,9.05
Marmosa robinsoni,-68.367,9.067
Marmosa robinsoni,-80,9.15
Marmosa robinsoni,-79.85,9.15
Marmosa robinsoni,-79.69,9.171
Marmosa robinsoni,-79.833,9.183
Marmosa robinsoni,-79.917,9.2
Marmosa robinsoni,-63.833,9.217
Marmosa robinsoni,-68.083,9.217
Marmosa robinsoni,-80.017,9.217
Marmosa robinsoni,-79.917,9.267
Marmosa robinsoni,-62.88,9.28
Marmosa robinsoni,-79.967,9.283
Marmosa robinsoni,-70.617,9.317
Marmosa robinsoni,-79.883,9.317
Marmosa robinsoni,-79.967,9.317
Marmosa robinsoni,-62.93,9.32
Marmosa robinsoni,-79.95,9.33
Marmosa robinsoni,-70.7,9.35
Marmosa robinsoni,-79.889,9.35
Marmosa robinsoni,-71.067,9.467
Marmosa robinsoni,-71.05,9.5
Marmosa robinsoni,-70.73,9.52
Marmosa robinsoni,-70.58,9.52
Marmosa robinsoni,-70.67,9.53
Marmosa robinsoni,-67.45,9.6
Marmosa robinsoni,-69.9,9.6
Marmosa robinsoni,-74.417,9.733
Marmosa robinsoni,-68.333,9.783
Marmosa robinsoni,-72.867,9.833
Marmosa robinsoni,-69.72,9.85
Marmosa robinsoni,-67.333,9.867
Marmosa robinsoni,-69.78,9.88
Marmosa robinsoni,-62.917,9.917
Marmosa robinsoni,-66.417,9.917
Marmosa robinsoni,-68.067,9.95
Marmosa robinsoni,-63.9,10.017
Marmosa robinsoni,-69.43,10.03
Marmosa robinsoni,-72.717,10.033
Marmosa robinsoni,-63.9,10.05
Marmosa robinsoni,-67.767,10.067
Marmosa robinsoni,-69.15,10.067
Marmosa robinsoni,-63.717,10.117
Marmosa robinsoni,-63.75,10.167
Marmosa robinsoni,-63.483,10.2
Marmosa robinsoni,-67.817,10.2
Marmosa robinsoni,-68,10.2
Marmosa robinsoni,-63.53,10.2
Marmosa robinsoni,-68.33,10.2
Marmosa robinsoni,-68.333,10.225
Marmosa robinsoni,-61.547,10.226
Marmosa robinsoni,-68.233,10.233
Marmosa robinsoni,-63.917,10.25
Marmosa robinsoni,-68.35,10.25
Marmosa robinsoni,-61.383,10.267
Marmosa robinsoni,-61.367,10.3
Marmosa robinsoni,-74.11,10.329
Marmosa robinsoni,-68.733,10.333
Marmosa robinsoni,-61.267,10.333
Marmosa robinsoni,-67.685,10.349
Marmosa robinsoni,-66.9,10.35
Marmosa robinsoni,-66.75,10.367
Marmosa robinsoni,-66.8,10.367
Marmosa robinsoni,-66.833,10.367
Marmosa robinsoni,-61.041,10.371
Marmosa robinsoni,-66.783,10.4
Marmosa robinsoni,-67.77,10.4
Marmosa robinsoni,-61.367,10.4
Marmosa robinsoni,-64.03,10.43
Marmosa robinsoni,-64.017,10.433
Marmosa robinsoni,-68.017,10.433
Marmosa robinsoni,-61.333,10.45
Marmosa robinsoni,-66.867,10.45
Marmosa robinsoni,-68,10.45
Marmosa robinsoni,-61.467,10.467
Marmosa robinsoni,-64.167,10.467
Marmosa robinsoni,-67.767,10.467
Marmosa robinsoni,-68.017,10.467
Marmosa robinsoni,-68.217,10.467
Marmosa robinsoni,-68.25,10.467
Marmosa robinsoni,-70.8,10.467
Marmosa robinsoni,-61.117,10.467
Marmosa robinsoni,-67.73,10.47
Marmosa robinsoni,-66.633,10.5
Marmosa robinsoni,-70.73,10.5
Marmosa robinsoni,-66.63,10.52
Marmosa robinsoni,-68.38,10.53
Marmosa robinsoni,-63.117,10.55
Marmosa robinsoni,-73.6,10.567
Marmosa robinsoni,-61.267,10.567
Marmosa robinsoni,-61.117,10.583
Marmosa robinsoni,-61.233,10.583
Marmosa robinsoni,-66.583,10.583
Marmosa robinsoni,-61.15,10.6
Marmosa robinsoni,-66.733,10.6
Marmosa robinsoni,-68.4,10.617
Marmosa robinsoni,-72.917,10.617
Marmosa robinsoni,-72.967,10.617
Marmosa robinsoni,-72.983,10.617
Marmosa robinsoni,-61.283,10.633
Marmosa robinsoni,-63.694,10.648
Marmosa robinsoni,-61.517,10.65
Marmosa robinsoni,-63.8,10.683
Marmosa robinsoni,-61.16,10.7
Marmosa robinsoni,-61.35,10.717
Marmosa robinsoni,-75.02,10.753
Marmosa robinsoni,-72.3,10.83
Marmosa robinsoni,-75.118,10.839
Marmosa robinsoni,-72.27,10.85
Marmosa robinsoni,-72.3,10.85
Marmosa robinsoni,-74.767,10.917
Marmosa robinsoni,-63.917,10.95
Marmosa robinsoni,-64.383,10.967
Marmosa robinsoni,-73.483,10.967
Marmosa robinsoni,-73.45,10.983
Marmosa robinsoni,-74.8,10.983
Marmosa robinsoni,-74.067,10.991
Marmosa robinsoni,-64,11
Marmosa robinsoni,-74.8,11
Marmosa robinsoni,-63.87,11
Marmosa robinsoni,-74.814,11.027
Marmosa robinsoni,-73.65,11.033
Marmosa robinsoni,-63.85,11.05
Marmosa robinsoni,-73.45,11.05
Marmosa robinsoni,-74.847,11.1
Marmosa robinsoni,-74.175,11.109
Marmosa robinsoni,-74.1,11.15
Marmosa robinsoni,-74.117,11.15
Marmosa robinsoni,-68.717,11.167
Marmosa robinsoni,-68.73,11.17
Marmosa robinsoni,-68.617,11.183
Marmosa robinsoni,-74.133,11.233
Marmosa robinsoni,-74.167,11.233
Marmosa robinsoni,-74.217,11.233
Marmosa robinsoni,-74.117,11.233
Marmosa robinsoni,-73.7,11.25
Marmosa robinsoni,-74.217,11.25
Marmosa robinsoni,-74.2,11.267
Marmosa robinsoni,-60.533,11.3
Marmosa robinsoni,-69.917,11.8
Marmosa robinsoni,-69.933,11.817
Marmosa robinsoni,-69.95,11.817
Marmosa robinsoni,-69.97,11.82
Marmosa robinsoni,-69.917,11.95
Marmosa robinsoni,-61.75,12.05
Marmosa robinsoni,-61.7,12.083
Marmosa robinsoni,-61.717,12.083
Marmosa robinsoni,-61.692,12.091
