name,longitude,latitude
Marmosa isthmica,-81.817,8.917
Marmosa isthmica,-80,9.267
Marmosa isthmica,-79.583,9.017
Marmosa isthmica,-79.933,9.25
Marmosa isthmica,-79.817,9.167
Marmosa isthmica,-79.933,9.25
Marmosa isthmica,-79.633,9.117
Marmosa isthmica,-79.983,9.25
Marmosa isthmica,-80.133,8.6
Marmosa isthmica,-80.05,9.083
Marmosa isthmica,-80.05,9.267
Marmosa isthmica,-77.517,7.917
Marmosa isthmica,-77.75,8.1
Marmosa isthmica,-78.167,7.517
Marmosa isthmica,-77.4,7.883
Marmosa isthmica,-77.817,8.383
Marmosa isthmica,-77.667,7.767
Marmosa isthmica,-77.317,8.067
Marmosa isthmica,-77.283,8.083
Marmosa isthmica,-77.433,7.983
Marmosa isthmica,-79.417,9.167
Marmosa isthmica,-79.533,9.367
Marmosa isthmica,-80,8.95
Marmosa isthmica,-79.4,9.067
Marmosa isthmica,-79.083,9.483
Marmosa isthmica,-75.2,8
Marmosa isthmica,-75.067,7.3
Marmosa isthmica,-76.733,8.017
Marmosa isthmica,-75.75,6.4
Marmosa isthmica,-75.45,7.183
Marmosa isthmica,-76.433,7.333
Marmosa isthmica,-76,5.417
Marmosa isthmica,-76.283,7.85
Marmosa isthmica,-74.8,4.6
Marmosa isthmica,-78.45,1.433
Marmosa isthmica,-75.35,9.5
Marmosa isthmica,-76.633,3.633
Marmosa isthmica,-77.133,3.717
Marmosa isthmica,-79.1,-2.167
Marmosa isthmica,-79.967,-3.45
Marmosa isthmica,-80.333,-2
Marmosa isthmica,-79.767,-3
Marmosa isthmica,-79.467,-1.55
Marmosa isthmica,-79.917,-0.917
Marmosa isthmica,-78.35,-0.8166
Marmosa isthmica,-80.45,-0.517
