species,longitude,latitude
Marmosa waterhousei,-69,0.116666667
Marmosa waterhousei,-62.11666667,-2.083333333
Marmosa waterhousei,-75.58333333,6.25
Marmosa waterhousei,-75.45,7.183333333
Marmosa waterhousei,-74.11666667,5.533333333
Marmosa waterhousei,-74.15,5.366666667
Marmosa waterhousei,-73.65,2.9
Marmosa waterhousei,-75.33333333,0.466666667
Marmosa waterhousei,-78.55,-3.4
Marmosa waterhousei,-74.78333333,-1.05
Marmosa waterhousei,-77.95,-1.533333333
Marmosa waterhousei,-78.95,-4.066666667
Marmosa waterhousei,-78.16666667,-4.466666667
Marmosa waterhousei,-77.76666667,-4.05
Marmosa waterhousei,-78.31666667,-5.133333333
Marmosa waterhousei,-74.08333333,-2.366666667
Marmosa waterhousei,-73.13333333,-3.4
Marmosa waterhousei,-76.6,-4.816666667
Marmosa waterhousei,-71.7,8.35
Marmosa waterhousei,-71.45,8.733333333
