name,longitude,latitude,Origen
Marmosa xerophila,-70.617,11.167,GBIF
Marmosa xerophila,-71.838,11.653,GBIF
Marmosa xerophila,-69.983,11.833,GBIF
Marmosa xerophila,-70.62,11.17,GBIF
Marmosa xerophila,-71.92,11.68,GBIF
Marmosa xerophila,-70.77,11.12,GBIF
Marmosa xerophila,-71.92,11.65,GBIF
Marmosa xerophila,-70.65,11.02,GBIF
Marmosa xerophila,-71.83,11.63,GBIF
Marmosa xerophila,-69.98,11.83,GBIF
Marmosa xerophila,-70.1,11.82,GBIF
Marmosa xerophila,-71.85,11.65,GBIF
Marmosa xerophila,-70.667,11.033,Gutierrez et al. 2014
Marmosa xerophila,-70.617,11.167,Gutierrez et al. 2015
Marmosa xerophila,-69.6,11.283,Gutierrez et al. 2016
Marmosa xerophila,-69.833,11.717,Gutierrez et al. 2018
Marmosa xerophila,-70.067,11.8,Gutierrez et al. 2019
Marmosa xerophila,-69.967,11.817,Gutierrez et al. 2020
Marmosa xerophila,-69.983,11.833,Gutierrez et al. 2021
Marmosa xerophila,-70.083,11.9,Gutierrez et al. 2022
Marmosa xerophila,-70,12.1,Gutierrez et al. 2023
Marmosa xerophila,-69.933,12.167,Gutierrez et al. 2024
Marmosa xerophila,-72.033,11.2,Gutierrez et al. 2025
