name,longitude,latitude
Marmosa zeledoni,-84.05,12.083
Marmosa zeledoni,-85.917,13.45
Marmosa zeledoni,-86.1,13.183
Marmosa zeledoni,-85.8,13.067
Marmosa zeledoni,-85.217,12.883
Marmosa zeledoni,-84.783,11.117
Marmosa zeledoni,-83.717,9.933
Marmosa zeledoni,-83.983,9.883
Marmosa zeledoni,-83.867,9.817
Marmosa zeledoni,-84.05,10.35
Marmosa zeledoni,-84.067,10.3
Marmosa zeledoni,-83.717,10.217
Marmosa zeledoni,-82.95,9.75
Marmosa zeledoni,-83.333,9
Marmosa zeledoni,-83,8.733
Marmosa zeledoni,-83.05,8.967
Marmosa zeledoni,-83.083,9.083
Marmosa zeledoni,-84.817,10.3
Marmosa zeledoni,-84.667,10.033
Marmosa zeledoni,-84.133,9.917
Marmosa zeledoni,-82.4,9.3
Marmosa zeledoni,-82.333,9.433
Marmosa zeledoni,-82.517,9.45
Marmosa zeledoni,-82.7,8.917
Marmosa zeledoni,-82.667,8.967
Marmosa zeledoni,-82.633,8.917
Marmosa zeledoni,-82.567,9.1
Marmosa zeledoni,-82.617,8.483
Marmosa zeledoni,-82.6,8.85
Marmosa zeledoni,-82.267,8.733
Marmosa zeledoni,-82.633,8.783
Marmosa zeledoni,-82.75,8.85
Marmosa zeledoni,-81.783,8.5
Marmosa zeledoni,-77.233,8.117
Marmosa zeledoni,-77.3,8.167
Marmosa zeledoni,-78.683,1.467
Marmosa zeledoni,-76.867,3.85
Marmosa zeledoni,-78.733,0.117
