species,longitude,latitude
Monodelphis brevicaudata,-67.05,1.85
Monodelphis brevicaudata,-67.067,1.917
Monodelphis brevicaudata,-65.217,2.5
Monodelphis brevicaudata,-67.3,2.567
Monodelphis brevicaudata,-65.233,2.8
Monodelphis brevicaudata,-65.833,3.15
Monodelphis brevicaudata,-65.55,3.167
Monodelphis brevicaudata,-65.967,3.217
Monodelphis brevicaudata,-65.667,3.417
Monodelphis brevicaudata,-62.75,4.333
Monodelphis brevicaudata,-60.733,5.1
Monodelphis brevicaudata,-57.533,5.617
Monodelphis brevicaudata,-67.607,5.633
Monodelphis brevicaudata,-62.533,5.917
Monodelphis brevicaudata,-61.45,5.933
Monodelphis brevicaudata,-59.9,5.95
Monodelphis brevicaudata,-61.45,6
Monodelphis brevicaudata,-61.342,6.233
Monodelphis brevicaudata,-58.683,6.383
Monodelphis brevicaudata,-58.617,6.4
Monodelphis brevicaudata,-61.633,6.733
Monodelphis brevicaudata,-58.167,6.8
Monodelphis brevicaudata,-61.833,6.8
Monodelphis brevicaudata,-58.55,6.933
Monodelphis brevicaudata,-58.517,6.983
Monodelphis brevicaudata,-61.033,6.983
Monodelphis brevicaudata,-65.167,7.233
Monodelphis brevicaudata,-63,7.3
Monodelphis brevicaudata,-66.167,7.617
Monodelphis brevicaudata,-62.833,7.65
Monodelphis brevicaudata,-63.55,8.133
Monodelphis brevicaudata,-60.491,7.371
Monodelphis brevicaudata,-57.517,5.4
Monodelphis brevicaudata,-59.38,7.52
Monodelphis brevicaudata,-61.42,4.55
Monodelphis brevicaudata,-65.82,3.17
Monodelphis brevicaudata,-66.32,2.62
Monodelphis brevicaudata,-67.65,5.4
Monodelphis brevicaudata,-62.25,7
Monodelphis brevicaudata,-61.35,6.17
Monodelphis brevicaudata,-65.55,3.18
