name,longitude,latitude
Monodelphis palliolata,-69.15,10.067
Monodelphis palliolata,-66.4,10.083
Monodelphis palliolata,-72.75,10.083
Monodelphis palliolata,-68.333,10.183
Monodelphis palliolata,-65.933,10.333
Monodelphis palliolata,-66.9,10.35
Monodelphis palliolata,-66.75,10.367
Monodelphis palliolata,-66.8,10.367
Monodelphis palliolata,-66.783,10.4
Monodelphis palliolata,-68.9,10.417
Monodelphis palliolata,-66.267,10.433
Monodelphis palliolata,-68,10.433
Monodelphis palliolata,-68.017,10.433
Monodelphis palliolata,-66.867,10.45
Monodelphis palliolata,-67.283,10.467
Monodelphis palliolata,-66.233,10.483
Monodelphis palliolata,-66.633,10.5
Monodelphis palliolata,-66.867,10.5
Monodelphis palliolata,-66.867,10.517
Monodelphis palliolata,-66.95,10.55
Monodelphis palliolata,-66.583,10.583
Monodelphis palliolata,-62.467,10.6
Monodelphis palliolata,-66.733,10.6
Monodelphis palliolata,-66.833,10.617
Monodelphis palliolata,-68.4,10.617
Monodelphis palliolata,-68.717,11.167
Monodelphis palliolata,-72.267,8.033
Monodelphis palliolata,-71.783,8.383
Monodelphis palliolata,-71.65,8.417
Monodelphis palliolata,-70.417,8.667
Monodelphis palliolata,-70.517,8.833
Monodelphis palliolata,-71.383,8.85
Monodelphis palliolata,-70.617,9.317
Monodelphis palliolata,-71.067,9.467
Monodelphis palliolata,-72.717,9.867
Monodelphis palliolata,-68.65,9.883
Monodelphis palliolata,-68.067,9.95
Monodelphis palliolata,-67.67,10.35
Monodelphis palliolata,-66.27,10.48
Monodelphis palliolata,-72.72,9.98
Monodelphis palliolata,-63.02,10.62
Monodelphis palliolata,-68.73,11.17
Monodelphis palliolata,-68.62,11.2
Monodelphis palliolata,-68.33,10.2
Monodelphis palliolata,-68.3,10.18
Monodelphis palliolata,-70.5,8.83
Monodelphis palliolata,-68.38,10.53
Monodelphis palliolata,-67.32,10.48
Monodelphis palliolata,-66.63,10.52
Monodelphis palliolata,-65.97,10.27
Monodelphis palliolata,-70.67,9.53
Monodelphis palliolata,-70.7,9.35
Monodelphis palliolata,-70.58,9.52
Monodelphis palliolata,-68.25,10.58
Monodelphis palliolata,-71.05,9.5
Monodelphis palliolata,-70.73,9.52
Monodelphis palliolata,-67.77,10.4
Monodelphis palliolata,-67.63,10.32
