name,longitude,latitude
Monodelphis adusta,-76.116,-2.556
Monodelphis adusta,-78.117,-1.45
Monodelphis adusta,-74.63,3.928
Monodelphis adusta,-73.617,4.15
Monodelphis adusta,-73.733,4.2
Monodelphis adusta,-73.35,4.5
Monodelphis adusta,-74.35,4.6
Monodelphis adusta,-73.2,5.2
Monodelphis adusta,-74.167,5.367
Monodelphis adusta,-75.054,5.484
Monodelphis adusta,-75.05,5.517
Monodelphis adusta,-75.82,5.6
Monodelphis adusta,-75.88,5.66
Monodelphis adusta,-75.72,5.67
Monodelphis adusta,-75.879,5.696
Monodelphis adusta,-75.98,5.97
Monodelphis adusta,-74.79,6.56
Monodelphis adusta,-75.67,6.61
Monodelphis adusta,-75.91,6.73
Monodelphis adusta,-75.07,6.91
Monodelphis adusta,-73.181,7.061
Monodelphis adusta,-75.15,7.07
Monodelphis adusta,-75.45,7.15
Monodelphis adusta,-75.77,7.18
Monodelphis adusta,-75.45,7.183
Monodelphis adusta,-73.201,7.251
Monodelphis adusta,-71.75,8.017
Monodelphis adusta,-77.283,8.083
Monodelphis adusta,-78.05,8.35
Monodelphis adusta,-77.5,8.458
Monodelphis adusta,-71.667,8.5
